singleID,singleName,releaseDate,singleCategory,artistName,labelName
1,愛の種,1997/11/3,インディーズシングル,モーニング娘。,URANEBA RECORD
2,GET,1997/11/5,シングル,平家みちよ,ワーナーミュージック・ジャパン
3,モーニングコーヒー,1998/1/28,シングル,モーニング娘。,ONE UP MUSIC
4,卒業 〜TOP OF THE WORLD〜,1998/2/15,シングル,平家みちよ,ワーナーミュージック・ジャパン
5,サマーナイトタウン,1998/5/27,シングル,モーニング娘。,zetima
6,ダイキライ,1998/7/1,シングル,平家みちよ,ワーナーミュージック・ジャパン
7,カラスの女房,1998/8/5,シングル,中澤裕子,zetima
8,抱いてHOLD ON ME!,1998/9/9,シングル,モーニング娘。,zetima
9,だけど 愛しすぎて,1998/10/25,シングル,平家みちよ,ワーナーミュージック・ジャパン
10,ラストキッス,1998/11/18,シングル,タンポポ,zetima
11,お台場ムーンライトセレナーデ,1998/12/2,シングル,中澤ゆうこ&高山厳,zetima
12,Memory 青春の光,1999/2/10,シングル,モーニング娘。,zetima
13,アナタの夢になりたい,1999/2/10,シングル,平家みちよ,ワーナーミュージック・ジャパン
14,Motto,1999/3/10,シングル,タンポポ,zetima
15,月と太陽,1999/4/21,シングル,太陽とシスコムーン,"	zetima"
16,真夏の光線,1999/5/12,シングル,モーニング娘。,zetima
17,純情行進曲,1999/6/9,シングル,中澤ゆうこ,zetima
18,たんぽぽ,1999/6/16,シングル,タンポポ,zetima
19,ガタメキラ,1999/6/23,シングル,太陽とシスコムーン,"	zetima"
20,ふるさと,1999/7/14,シングル,モーニング娘。,zetima
21,ハレーションサマー/サマーナイトタウン（English Version）,1999/7/23,シングル,ココナッツ娘,SME Records
22,二人の北海道,1999/7/23,インディーズシングル,カントリー娘。,SPREE RECORD
23,宇宙でLa Ta Ta,1999/7/28,シングル,太陽とシスコムーン,"	zetima"
24,scene,1999/7/28,シングル,平家みちよ,ワーナーミュージック・ジャパン
25,Unchain My Heart,1999/8/4,シングル,三佳千夏,zetima
26,DANCE & CHANCE,1999/8/25,シングル,ココナッツ娘,SME Records
27,Everyday Everywhere,1999/8/25,シングル,太陽とシスコムーン,"	zetima"
28,LOVEマシーン,1999/9/9,シングル,モーニング娘。,zetima
29,Magic of Love,1999/9/29,シングル,太陽とシスコムーン,"	zetima"
30,聖なる鐘がひびく夜,1999/10/20,シングル,タンポポ,zetima
31,"Love, Yes I do!",1999/11/10,シングル,三佳千夏,zetima
32,ちょこっとLOVE,1999/11/25,シングル,プッチモニ,zetima
33,雪景色,1999/11/30,インディーズシングル,カントリー娘。,SPREE RECORD
34,丸い太陽 -winter ver.-,1999/12/8,シングル,太陽とシスコムーン,"	zetima"
35,恋のダンスサイト,2000/1/26,シングル,モーニング娘。,zetima
36,甘いあなたの味,2000/2/19,シングル,メロン記念日,zetima
37,赤い日記帳,2000/3/8,シングル,あか組4,zetima
38,黄色いお空でBOOM BOOM BOOM,2000/3/8,シングル,黄色5,zetima
39,青いスポーツカーの男,2000/3/8,シングル,青色7,zetima
40,DON'T STOP 恋愛中,2000/4/19,シングル,T&Cボンバー,"	zetima"
41,鳴きうさぎ,2000/4/21,シングル,前田有紀,テイチクエンタテインメント
42,北海道シャララ,2000/4/23,インディーズシングル,カントリー娘。,SPREE RECORD
43,常夏娘,2000/5/17,シングル,ココナッツ娘。,SME Records
44,ハッピーサマーウェディング,2000/5/17,シングル,モーニング娘。,zetima
45,ワンルーム夏の恋物語,2000/5/17,シングル,平家みちよ,ワーナーミュージック・ジャパン
46,あなたのシャツと Love song,2000/5/31,シングル,三佳千夏,zetima
47,告白記念日,2000/6/28,シングル,メロン記念日,zetima
48,乙女 パスタに感動,2000/7/5,シングル,タンポポ,zetima
49,上海の風,2000/7/12,シングル,中澤ゆうこ,zetima
50,HEY! 真夏の蜃気楼,2000/7/19,シングル,T&Cボンバー,"	zetima"
51,私も「I LOVE YOU」,2000/7/26,シングル,ココナッツ娘。,SME Records
52,青春時代1.2.3!/バイセコー大成功,2000/7/26,シングル,プッチモニ,zetima
53,恋がステキな季節,2000/7/31,インディーズシングル,カントリー娘。,SPREE RECORD
54,愛の力,2000/8/9,シングル,平家みちよ,ワーナーミュージック・ジャパン
55,I WISH,2000/9/6,シングル,モーニング娘。,zetima
56,心のフェロモン,2000/11/1,インディーズシングル,シェキドル,SPREE RECORD
57,恋愛レボリューション21,2000/12/13,シングル,モーニング娘。,zetima
58,東京Youターン,2001/1/1,シングル,前田有紀,テイチクエンタテインメント
59,ミニモニ。ジャンケンぴょん!/春夏秋冬だいすっき!,2001/1/17,シングル,ミニモニ。,zetima
60,結局 Bye Bye Bye,2001/2/7,シングル,平家みちよ,ワーナーミュージック・ジャパン
573,ゆ・う・わ・く,2001/2/14,インディーズシングル,中澤裕子,UP-FRONT INTERNATIONAL
574,真夏の誕生日,2001/2/14,インディーズシングル,安倍なつみ,UP-FRONT INTERNATIONAL
575,あなたの髪の香り,2001/2/14,インディーズシングル,飯田圭織,UP-FRONT INTERNATIONAL
576,マリンスポーツ!,2001/2/14,インディーズシングル,矢口真里,UP-FRONT INTERNATIONAL
577,LOVE–計算チガイ–,2001/2/14,インディーズシングル,保田圭,UP-FRONT INTERNATIONAL
61,ごちゃまぜLOVE,2001/2/14,インディーズシングル,後藤真希,UP-FRONT INTERNATIONAL
578,理解して！＞女の子,2001/2/14,インディーズシングル,石川梨華,UP-FRONT INTERNATIONAL
579,「よして、よして…」,2001/2/14,インディーズシングル,吉澤ひとみ,UP-FRONT INTERNATIONAL
580,恋愛ってなあに?,2001/2/14,インディーズシングル,加護亜依,UP-FRONT INTERNATIONAL
581,NON STOP,2001/2/14,インディーズシングル,辻希美,UP-FRONT INTERNATIONAL
62,悔し涙 ぽろり,2001/2/15,シングル,中澤ゆうこ,zetima
63,恋をしちゃいました!,2001/2/21,シングル,タンポポ,zetima
64,BABY!恋にKNOCK OUT!,2001/2/28,シングル,プッチモニ,zetima
65,電話待っています,2001/3/7,シングル,メロン記念日,zetima
66,愛のバカやろう,2001/3/28,シングル,後藤真希,zetima
67,ドッキドキ!LOVEメール,2001/4/11,シングル,松浦亜弥,zetima
68,徹底的運命,2001/4/13,インディーズシングル,シェキドル,SPREE RECORD
69,初めてのハッピーバースディ!,2001/4/18,シングル,カントリー娘。に石川梨華（モーニング娘。）,zetima
70,トロピカ～ル恋して～る,2001/6/13,シングル,松浦亜弥,zetima
71,全体的に大好きです。,2001/6/27,インディーズシングル,シェキドル,SPREE RECORD
72,ダンシング!夏祭り,2001/7/4,シングル,10人祭,zetima
73,サマーれげぇ!レインボー,2001/7/4,シングル,7人祭,zetima
74,チュッ!夏パ～ティ,2001/7/4,シングル,三人祭,zetima
75,ザ☆ピ～ス!,2001/7/25,シングル,モーニング娘。,zetima
76,二人暮し,2001/8/1,シングル,中澤裕子,zetima
77,情熱行き 未来船,2001/8/22,シングル,ココナッツ娘。,zetima
78,LOVE涙色,2001/9/5,シングル,松浦亜弥,zetima
79,ミニモニ。テレフォン!リンリンリン/ミニモニ。バスガイド,2001/9/12,シングル,ミニモニ。,zetima
80,溢れちゃう・・・BE IN LOVE,2001/9/19,シングル,後藤真希,zetima
81,This is 運命,2001/10/11,シングル,メロン記念日,zetima
82,恋人は心の応援団,2001/10/17,シングル,カントリー娘。に石川梨華（モーニング娘。）,zetima
83,Mr.Moonlight ～愛のビッグバンド～,2001/10/31,シングル,モーニング娘。,zetima
84,プロポーズ,2001/11/7,シングル,平家みちよ,zetima
85,ぴったりしたいX'mas!,2001/11/14,シングル,プッチモニ,zetima
86,王子様と雪の夜,2001/11/21,シングル,タンポポ,zetima
87,100回のKISS,2001/11/28,シングル,松浦亜弥,zetima
88,ミニハムずの愛の唄,2001/12/5,シングル,ミニハムず,zetima
89,愛は無敵〜二十歳の夜の誓い〜,2001/12/5,シングル,シェキドル,zetima
90,ミニモニ。ひなまつり!/ミニ。ストロベリ～パイ,2002/1/30,シングル,ミニモニ。,zetima
91,♡桃色片想い♡,2002/2/6,シングル,松浦亜弥,zetima
92,さぁ!恋人になろう,2002/2/14,シングル,メロン記念日,zetima
93,そうだ! We're ALIVE,2002/2/20,シングル,モーニング娘。,zetima
94,東京、宵町草。,2002/2/21,シングル,前田有紀,テイチクエンタテインメント
95,会えない長い日曜日,2002/3/13,シングル,藤本美貴,hachama
96,色っぽい女～SEXY BABY～,2002/4/17,シングル,カントリー娘。に石川梨華（モーニング娘。）,zetima
97,アイ～ン体操/アイ～ン!ダンスの唄,2002/4/24,シングル,バカ殿様とミニモニ姫。,zetima
98,手を握って歩きたい,2002/5/9,シングル,後藤真希,zetima
99,Yeah!めっちゃホリディ,2002/5/29,シングル,松浦亜弥,zetima
100,ムラサキシキブ,2002/6/5,シングル,平家みちよ,zetima
101,そっと口づけて ギュッと抱きしめて,2002/6/12,シングル,藤本美貴,hachama
102,夏の夜はデインジャー!,2002/6/19,シングル,メロン記念日,zetima
602,モーニング娘。シングルメドレー ～ハワイアン～,2002/6/26,シングル,高木ブーとモ－ニング娘｡･ココナッツ娘｡･藤本美貴･石川リカ,zetima
103,幸せきょうりゅう音頭,2002/7/3,シングル,おどる♥11,zetima
104,幸せですか?,2002/7/3,シングル,セクシー8,zetima
105,幸せビーム!好き好きビーム!,2002/7/3,シングル,ハッピー♥7,zetima
106,Do it! Now,2002/7/24,シングル,モーニング娘。,zetima
107,やる気!IT'S EASY,2002/8/21,シングル,後藤真希,zetima
108,東京美人,2002/8/28,シングル,中澤裕子,zetima
109,ロマンティック 浮かれモード,2002/9/4,シングル,藤本美貴,hachama
110,The 美学,2002/9/19,シングル,松浦亜弥,zetima
111,BE HAPPY 恋のやじろべえ,2002/9/26,シングル,タンポポ,zetima
112,香水,2002/10/23,シングル,メロン記念日,zetima
113,ここにいるぜぇ!,2002/10/30,シングル,モーニング娘。,zetima
114,ボーイフレンド,2002/11/7,シングル,藤本美貴,hachama
115,BYE BYE 最後の夜,2002/11/12,シングル,カントリー娘。に石川梨華（モーニング娘。）,zetima
116,SHALL WE LOVE?,2002/11/20,シングル,ごまっとう,PICCOLO TOWN
117,げんき印の大盛りソング/お菓子つくっておっかすぃ〜,2002/11/27,シングル,ミニモニ。と高橋愛＋4KIDS,zetima
118,ミニハムずの結婚ソング,2002/12/4,シングル,ミニハムず,zetima
119,草原の人,2002/12/11,シングル,松浦亜弥,zetima
120,サン・トワ・マミー/君といつまでも,2002/12/18,シングル,後藤真希,PICCOLO TOWN
601,がんばっちゃえ！/HEY ！未来,2003/1/29,DVDシングル,モーニング娘。,zetima
121,赤いフリージア,2003/1/29,シングル,メロン記念日,zetima
122,ブギートレイン '03,2003/2/5,シングル,藤本美貴,hachama
123,モーニング娘。のひょっこりひょうたん島,2003/2/19,シングル,モーニング娘。,zetima
124,ね～え?,2003/3/12,シングル,松浦亜弥,zetima
125,うわさのSEXY GUY,2003/3/19,シングル,後藤真希,PICCOLO TOWN
126,ロックンロール県庁所在地～おぼえちゃいなシリーズ～,2003/4/9,シングル,ミニモニ。,zetima
127,AS FOR ONE DAY,2003/4/23,シングル,モーニング娘。,zetima
128,母と娘のデュエットソング,2003/5/1,シングル,おけいさんと安倍なつみ,hachama
129,チャンス of LOVE,2003/5/8,シングル,メロン記念日,zetima
130,ミニモニ。数え歌～お風呂ば～じょん～/ミニモニ。数え歌～デートば～じょん～,2003/5/14,シングル,ミニモニ。,zetima
131,GET ALONG WITH YOU,2003/5/21,シングル,中澤裕子,zetima
132,GOOD BYE 夏男,2003/6/4,シングル,松浦亜弥,zetima
133,スクランブル,2003/6/18,シングル,後藤真希,PICCOLO TOWN
134,壊れない愛がほしいの/GET UP!ラッパー/BE ALL RIGHT! ,2003/7/9,シングル,7AIR/SALT5/11WATER,zetima
135,東京きりぎりす,2003/7/16,シングル,前田有紀,zetima
136,浮気なハニーパイ,2003/7/24,シングル,カントリー娘。に紺野と藤本（モーニング娘。）,zetima
137,シャボン玉,2003/7/30,シングル,モーニング娘。,zetima
138,行くZYX! FLY HIGH,2003/8/6,シングル,ZYX,PICCOLO TOWN
139,22歳の私,2003/8/13,シングル,安倍なつみ,hachama
140,SEXY NIGHT ～忘れられない彼～,2003/8/20,シングル,ROMANS,zetima
141,抱いてよ!PLEASE GO ON,2003/8/27,シングル,後藤真希,PICCOLO TOWN
142,MI DA RA 摩天楼,2003/9/10,シングル,メロン記念日,zetima
143,愛の園～Touch My Heart!～,2003/9/18,シングル,モーニング娘。おとめ組,zetima
144,晴れ 雨 のち スキ ♡,2003/9/18,シングル,モーニング娘。さくら組,zetima
145,THE LAST NIGHT,2003/9/26,シングル,松浦亜弥,zetima
146,CRAZY ABOUT YOU,2003/10/16,シングル,ミニモニ。,zetima
147,FIRST KISS,2003/10/29,シングル,あぁ!,PICCOLO TOWN
148,Go Girl ～恋のヴィクトリー～,2003/11/6,シングル,モーニング娘。,zetima
149,先輩～LOVE AGAIN～,2003/11/12,シングル,カントリー娘。に紺野と藤本（モーニング娘。）,zetima
150,ミラクルルン グランプリン!/ピ～ヒャラ小唄,2003/11/19,シングル,ミニハムず/プリンちゃん,zetima
151,原色GAL 派手に行くべ!,2003/11/27,シングル,後藤真希,PICCOLO TOWN
152,かわいい彼 ,2003/12/3,シングル,メロン記念日,zetima
153,白いTOKYO,2003/12/10,シングル,ZYX,PICCOLO TOWN
154,さらさらの川,2004/1/1,シングル,前田有紀,zetima
155,愛あらばIT'S ALL RIGHT,2004/1/21,シングル,モーニング娘。,zetima
156,奇跡の香りダンス。,2004/1/28,シングル,松浦亜弥,zetima
157,エーゲ海に抱かれて,2004/2/4,シングル,飯田圭織,地中海レーベル
158,元気のない日の子守唄/長良川の晴れ,2004/2/11,シングル,中澤裕子,zetima
159,友情～心のブスにはならねぇ!～,2004/2/25,シングル,モーニング娘。おとめ組,zetima
160,さくら満開,2004/2/25,シングル,モーニング娘。さくら組,zetima
161,あなたなしでは生きてゆけない,2004/3/3,シングル,Berryz工房,PICCOLO TOWN
162,風信子（ヒヤシンス）,2004/3/10,シングル,松浦亜弥,zetima
163,サヨナラのLOVE SONG,2004/3/17,シングル,後藤真希,PICCOLO TOWN
164,ラッキーチャチャチャ!,2004/4/21,シングル,ミニモニ。,zetima
165,ファイティングポーズはダテじゃない!,2004/4/28,シングル,Berryz工房,PICCOLO TOWN
166,浪漫 ～MY DEAR BOY～,2004/5/12,シングル,モーニング娘。,zetima
167,恋のバカンス,2004/5/19,シングル,W,zetima
168,ピリリと行こう!,2004/5/26,シングル,Berryz工房,PICCOLO TOWN
169,DO MY BEST,2004/5/26,シングル,中澤裕子,zetima
170,だって生きてかなくちゃ,2004/6/2,シングル,安倍なつみ,hachama
171,涙の太陽,2004/6/9,シングル,メロン記念日,zetima
172,横浜蜃気楼,2004/7/7,シングル,後藤真希,PICCOLO TOWN
173,女子かしまし物語,2004/7/22,シングル,モーニング娘。,zetima
174,YOUR SONG～青春宣誓～ ,2004/7/28,シングル,松浦亜弥,zetima
175,ドアの向こうでBellが鳴ってた,2004/7/28,シングル,飯田圭織,地中海レーベル
176,シャイニング 愛しき貴方,2004/8/4,シングル,カントリー娘。に紺野と藤本（モーニング娘。）,zetima
177,恋のテレフォンGOAL,2004/8/11,シングル,安倍なつみ,hachama
178,あぁ いいな!,2004/8/18,シングル,W,zetima
179,ハピネス～幸福歓迎!,2004/8/25,シングル,Berryz工房,PICCOLO TOWN
180,恋のヌケガラ,2004/9/23,シングル,美勇伝,PICCOLO TOWN
181,西新宿で逢ったひと,2004/9/29,シングル,前田有紀,Rice Music
182,恋愛戦隊シツレンジャー,2004/10/6,シングル,後浦なつみ,zetima
183,ロボキッス,2004/10/14,シングル,W,zetima
184,渡良瀬橋,2004/10/20,シングル,松浦亜弥,zetima
185,シャンパンの恋,2004/10/27,シングル,メロン記念日,zetima
186,涙が止まらない放課後,2004/11/3,シングル,モーニング娘。,zetima
187,恋の呪縛,2004/11/10,シングル,Berryz工房,PICCOLO TOWN
188,さよなら「友達にはなりたくないの」,2004/11/17,シングル,後藤真希,PICCOLO TOWN
189,天才! LET'S GO あややム,2004/11/26,シングル,あややム with エコハムず,zetima
190,THE マンパワー!!!,2005/1/19,シングル,モーニング娘。,zetima
191,恋のフーガ,2005/2/9,シングル,W,zetima
192,肉体は正直なEROS,2005/2/9,シングル,メロン記念日,zetima
193,ずっと好きでいいですか,2005/2/23,シングル,松浦亜弥,zetima
194,カッチョイイゼ!JAPAN,2005/3/2,シングル,美勇伝,PICCOLO TOWN
195,スッペシャル ジェネレ〜ション,2005/3/30,シングル,Berryz工房,PICCOLO TOWN
196,夢ならば,2005/4/20,シングル,安倍なつみ,hachama
197,大阪 恋の歌,2005/4/27,シングル,モーニング娘。,zetima
198,愛の意味を教えて,2005/5/18,シングル,W,zetima
199,紫陽花アイ愛物語,2005/5/25,シングル,美勇伝,PICCOLO TOWN
200,なんちゅう恋をやってるぅ YOU KNOW?,2005/6/8,シングル,Berryz工房,PICCOLO TOWN
201,オンナ、哀しい、オトナ/印象派 ルノアールのように/人知れず 胸を奏でる 夜の秋,2005/6/22,シングル,セクシーオトナジャン/エレジーズ/プリプリピンク,zetima
202,スッピンと涙。,2005/7/6,シングル,後藤真希,PICCOLO TOWN
203,色っぽい じれったい,2005/7/27,シングル,モーニング娘。,zetima
204,21時までのシンデレラ,2005/8/3,シングル,Berryz工房,PICCOLO TOWN
205,ひとりじめ,2005/8/10,シングル,美勇伝,PICCOLO TOWN
206,恋の花,2005/8/31,シングル,安倍なつみ,hachama
207,Missラブ探偵,2005/9/7,シングル,W,zetima
208,気がつけば あなた,2005/9/21,シングル,松浦亜弥,zetima
209,クレナイの季節,2005/10/5,シングル,美勇伝,PICCOLO TOWN
210,好きすぎて バカみたい,2005/10/19,シングル,DEF.DIVA,zetima
211,直感2 ～逃した魚は大きいぞ!～,2005/11/9,シングル,モーニング娘。,zetima
212,ギャグ100回分愛してください,2005/11/23,シングル,Berryz工房,PICCOLO TOWN
213,たからもの,2005/11/30,シングル,千,hachama
214,今にきっと…In My LIFE,2006/1/25,シングル,後藤真希,PICCOLO TOWN
215,砂を噛むように…NAMIDA,2006/2/1,シングル,松浦亜弥,zetima
216,SEXY BOY ～そよ風に寄り添って～,2006/3/15,シングル,モーニング娘。,zetima
217,LET'S GO 楽天イーグルス,2006/3/23,インディーズシングル,DEF.DIVAと楽天イーグルス応援隊,UP-FRONT WORKS
218,ジリリ キテル,2006/3/29,シングル,Berryz工房,PICCOLO TOWN
219,スイートホリック,2006/4/12,シングル,安倍なつみ,hachama
220,まっさらブルージーンズ,2006/5/6,インディーズシングル,℃-ute,UP-FRONT WORKS
221,一切合切 あなたに∮あ・げ・る♪,2006/5/10,シングル,美勇伝,PICCOLO TOWN
222,即 抱きしめて,2006/6/3,インディーズシングル,℃-ute,UP-FRONT WORKS
223,ガラスのパンプス,2006/6/7,シングル,後藤真希,PICCOLO TOWN
224,お願い魅惑のターゲット/Crazy Happy!,2006/6/10,インディーズシングル,メロン記念日,UP-FRONT AGENCY
225,Ambitious! 野心的でいいじゃん,2006/6/21,シングル,モーニング娘。,zetima
226,ザ・ストレス,2006/6/28,シングル,安倍なつみ,hachama
603,夢から醒めて,2006/7/2,配信限定シングル,高橋愛(モーニング娘。),UP-FRONT WORKS
227,大きな愛でもてなして,2006/7/9,インディーズシングル,℃-ute,UP-FRONT WORKS
228,恋☆カナ,2006/7/12,シングル,月島きらり starring 久住小春(モーニング娘。),zetima
229,お前の涙を俺にくれ,2006/7/26,シングル,前田有紀,Rice Music
230,わっきゃない(Z),2006/7/29,インディーズシングル,℃-ute,UP-FRONT WORKS
231,笑っちゃおうよ BOYFRIEND,2006/8/2,シングル,Berryz工房,PICCOLO TOWN
232,Thanks!,2006/9/13,シングル,GAM,hachama
233,うらら,2006/9/27,シングル,中澤裕子,zetima
234,甘すぎた果実,2006/10/4,シングル,安倍なつみ,hachama
235,SOME BOYS! TOUCH,2006/10/11,シングル,後藤真希,PICCOLO TOWN
236,メロディーズ,2006/10/18,シングル,GAM,hachama
237,ヤングDAYS!!,2006/10/22,インディーズシングル,THE ポッシボー（ハロプロエッグ）,GOOD FACTORY RECORDS
238,バラライカ,2006/10/25,シングル,月島きらり starring 久住小春(モーニング娘。),zetima
239,歩いてる,2006/11/8,シングル,モーニング娘。,zetima
240,愛すクリ〜ムとMyプリン,2006/11/22,シングル,美勇伝,PICCOLO TOWN
241,胸さわぎスカーレット,2006/12/6,シングル,Berryz工房,PICCOLO TOWN
242,初恋のカケラ,2006/12/10,インディーズシングル,THE ポッシボー,GOOD FACTORY RECORDS
243,僕らが生きるMY ASIA,2007/1/24,シングル,モーニング娘。誕生10年記念隊,zetima
244,笑顔YESヌード,2007/2/14,シングル,モーニング娘。,zetima
245,主食 = GOHANの唄,2007/2/18,インディーズシングル,THE ポッシボー,GOOD FACTORY RECORDS
246,桜チラリ,2007/2/21,シングル,℃-ute,zetima
247,VERY BEAUTY,2007/3/7,シングル,Berryz工房,PICCOLO TOWN
248,LU LU LU,2007/3/21,シングル,GAM,hachama
249,ダイスキ楽天イーグルス,2007/3/24,インディーズシングル,GAM,UP-FRONT WORKS
250,アンフォゲッタブル,2007/3/28,シングル,メロン記念日,zetima
251,シークレット,2007/4/11,シングル,後藤真希,PICCOLO TOWN
252,悲しみトワイライト,2007/4/25,シングル,モーニング娘。,zetima
253,ハッピー☆彡,2007/5/2,シングル,月島きらり starring 久住小春(モーニング娘。),zetima
254,Too far away ～女のこころ～,2007/5/9,シングル,安倍なつみ,hachama
255,ここにいるぜぇ!,2007/5/16,シングル,アテナ,zetima
256,恋する♡エンジェル♡ハート,2007/5/23,シングル,美勇伝,PICCOLO TOWN
257,オヤジの心に灯った小さな火〜デュエットバージョン〜,2007/5/23,シングル,里田まい with 藤岡藤巻,zetima
258,夏のトロピカル娘。,2007/6/13,インディーズシングル,THE ポッシボー featuring 秋山ゆりか・橋本愛奈,GOOD FACTORY RECORDS
259,金魚すくいと花火大会,2007/6/13,インディーズシングル,THE ポッシボー featuring 岡田ロビン翔子・後藤夕貴,GOOD FACTORY RECORDS
582,Song&Monologues...季節の物語 〜聞きたいこと〜,2007/6/19,インディーズシングル,中澤裕子,UP-FRONT AGENCY
260,告白の噴水広場,2007/6/27,シングル,Berryz工房,PICCOLO TOWN
261,めぐる恋の季節,2007/7/11,シングル,℃-ute,zetima
262,女に幸あれ,2007/7/25,シングル,モーニング娘。,zetima
263,はなをぷーん / ふたりはNS,2007/8/1,シングル,きら☆ぴか,zetima
264,風のうわさ,2007/8/1,インディーズシングル,THE ポッシボー,GOOD FACTORY RECORDS
265,愛しき悪友(とも)へ,2007/8/8,シングル,モーニング娘。誕生10年記念隊,zetima
266,笑顔,2007/8/29,シングル,松浦亜弥,zetima
267,お願い魅惑のターゲット～マンゴープリンMix～,2007/9/5,シングル,メロン記念日,zetima
268,鳴り始めた恋のBell,2007/9/12,シングル,音楽ガッタス,zetima
269,相愛太鼓,2007/9/26,シングル,前田有紀,Rice Music
270,じゃじゃ馬パラダイス,2007/9/26,シングル,美勇伝,PICCOLO TOWN
271,だんな様,2007/10/10,シングル,中澤裕子,zetima
272,都会っ子 純情,2007/10/17,シングル,℃-ute,zetima
273,息を重ねましょう,2007/10/24,シングル,安倍なつみ,hachama
274,ホントのじぶん,2007/10/31,シングル,Buono!,ポニーキャニオン
275,チャンス!,2007/11/7,シングル,月島きらり starring 久住小春(モーニング娘。),zetima
276,勝利のBIG WAVE!!!,2007/11/14,シングル,アテナ＆ロビケロッツ,zetima
277,みかん,2007/11/21,シングル,モーニング娘。,zetima
278,付き合っているのに片思い,2007/11/28,シングル,Berryz工房,PICCOLO TOWN
279,やったろうぜ!,2007/12/5,シングル,音楽ガッタス,zetima
280,16歳の恋なんて,2008/1/16,シングル,安倍なつみ＆矢島舞美,hachama
281,恋愛♥ライダー,2008/2/6,シングル,Buono!,ポニーキャニオン
282,青春!LOVE ランチ,2008/2/13,シングル,アテナ＆ロビケロッツ,zetima
283,LALALA 幸せの歌,2008/2/27,シングル,℃-ute,zetima
284,ジンギスカン,2008/3/12,シングル,Berryz工房,PICCOLO TOWN
285,カリスマ・綺麗,2008/3/19,シングル,メロン記念日,zetima
286,越えろ!楽天イーグルス,2008/3/20,シングル,℃-ute,zetima
287,リゾナント ブルー,2008/4/16,シングル,モーニング娘。,zetima
288,涙の色,2008/4/23,シングル,℃-ute,zetima
289,置き手紙,2008/4/23,シングル,藤本美貴,Rice Music
290,なんにも言わずに I LOVE YOU ,2008/4/23,シングル,美勇伝,PICCOLO TOWN
291,アナタボシ,2008/4/30,シングル,MilkyWay,zetima
292,Kiss!Kiss!Kiss! ,2008/5/14,シングル,Buono!,ポニーキャニオン
293,きずな,2008/5/21,シングル,松浦亜弥,zetima
294,C＼C （シンデレラ＼コンプレックス）,2008/6/11,シングル,High-King,zetima
295,マノピアノ,2008/6/29,インディーズシングル,真野恵里菜,UP-FRONT WORKS
296,行け 行け モンキーダンス,2008/7/9,シングル,Berryz工房,PICCOLO TOWN
297,パパンケーキ,2008/7/16,シングル,月島きらり starring 久住小春(モーニング娘。),zetima
298,江戸の手毬唄Ⅱ,2008/7/30,シングル,℃-ute,zetima
299,ガチンコでいこう!,2008/8/20,シングル,Buono!,ポニーキャニオン
300,Come Together,2008/9/10,シングル,音楽ガッタス,zetima
301,ジンギスカン タルタルミックス,2008/9/17,シングル,ジンギスカン×Berryz工房,PICCOLO TOWN
302,ペッパー警部,2008/9/24,シングル,モーニング娘。,zetima
303,ラッキーオーラ,2008/10/4,インディーズシングル,真野恵里菜,UP-FRONT WORKS
304,タンタンターン!,2008/10/29,シングル,MilkyWay,zetima
305,MADAYADE,2008/11/5,シングル,Berryz工房,PICCOLO TOWN
306,ロッタラロッタラ,2008/11/12,シングル,Buono!,ポニーキャニオン
307,FOREVER LOVE,2008/11/26,シングル,℃-ute,zetima
308,スクリーン,2008/12/3,シングル,安倍なつみ,hachama
309,みんなのたまご,2008/12/10,シングル,しゅごキャラエッグ!,ポニーキャニオン
310,ラララ-ソソソ,2008/12/13,インディーズシングル,真野恵里菜,UP-FRONT WORKS
311,co・no・mi・chi,2009/1/21,シングル,Buono!,ポニーキャニオン
312,はぴ☆はぴ サンデー!,2009/2/4,シングル,月島きらり starring 久住小春(モーニング娘。),zetima
313,チョコレート魂,2009/2/11,シングル,松浦亜弥,zetima
314,泣いちゃうかも,2009/2/18,シングル,モーニング娘。,zetima
315,しゅごしゅご!,2009/2/25,シングル,しゅごキャラエッグ!,ポニーキャニオン
316,ケンチャナ 〜大丈夫〜,2009/2/25,シングル,前田有紀,Rice Music
317,抱きしめて 抱きしめて,2009/3/11,シングル,Berryz工房,PICCOLO TOWN
318,乙女の祈り,2009/3/18,シングル,真野恵里菜,hachama
319,青春 僕/青春 俺,2009/3/25,シングル,矢口真里/エアバンド,hachama
321,Bye Bye Bye!,2009/4/15,シングル,℃-ute,zetima
322,MY BOY,2009/4/29,シングル,Buono!,ポニーキャニオン
323,しょうがない 夢追い人,2009/5/13,シングル,モーニング娘。,zetima
324,はじめての経験,2009/5/20,シングル,真野恵里菜,hachama
325,おまかせ♪ガーディアン,2009/5/27,シングル,ガーディアンズ4,ポニーキャニオン
326,青春バスガイド/ライバル,2009/6/3,シングル,Berryz工房,PICCOLO TOWN
327,ぁまのじゃく,2009/6/7,インディーズシングル,S/mileage,GOOD FACTORY RECORD
328,暑中お見舞い申し上げます,2009/7/1,シングル,℃-ute,zetima
329,世界はサマー・パーティ,2009/7/29,シングル,真野恵里菜,hachama
330,なんちゃって恋愛,2009/8/12,シングル,モーニング娘。,zetima
331,Take It Easy!,2009/8/26,シングル,Buono!,ポニーキャニオン
332,School Days,2009/9/2,シングル,ガーディアンズ4,ポニーキャニオン
333,EVERYDAY 絶好調!!,2009/9/16,シングル,℃-ute,zetima
334,あすはデートなのに、今すぐ声が聞きたい,2009/9/23,インディーズシングル,S/mileage,GOOD FACTORY RECORD
335,この胸のときめきを,2009/9/30,シングル,真野恵里菜,hachama
336,気まぐれプリンセス,2009/10/28,シングル,モーニング娘。,zetima
337,私の未来のだんな様/流星ボーイ,2009/11/11,シングル,Berryz工房,PICCOLO TOWN
338,PARTY TIME/わたしのたまご,2009/11/18,シングル,ガーディアンズ4/しゅごキャラエッグ!,ポニーキャニオン
339,スキちゃん,2009/11/23,インディーズシングル,S/mileage,GOOD FACTORY RECORD
340,Love＆Peace＝パラダイス,2009/11/25,シングル,真野恵里菜,hachama
341,Bravo☆Bravo,2009/12/16,シングル,Buono!,ポニーキャニオン
342,SHOCK!,2010/1/6,シングル,℃-ute,zetima
343,Going On!,2010/1/20,シングル,ガーディアンズ4/しゅごキャラエッグ!,ポニーキャニオン
344,Our Songs,2010/2/3,シングル,Buono!,ポニーキャニオン
345,女が目立って なぜイケナイ,2010/2/10,シングル,モーニング娘。,zetima
346,春の嵐,2010/2/25,シングル,真野恵里菜,hachama
347,雄叫びボーイ WAO!/友達は友達なんだ!,2010/3/3,シングル,Berryz工房,PICCOLO TOWN
348,READY! KICK OFF!!,2010/3/6,シングル,音楽ガッタス,UP-FRONT WORKS
349,オトナになるって難しい!!!,2010/3/14,インディーズシングル,スマイレージ,UP-FRONT WORKS
350,キャンパスライフ～生まれて来てよかった～,2010/4/28,シングル,℃-ute,zetima
351,お願いだから…,2010/5/12,シングル,真野恵里菜,hachama
352,夢見る 15歳,2010/5/26,シングル,スマイレージ,hachama
353,青春コレクション,2010/6/9,シングル,モーニング娘。,zetima
354,リトル♥ぷりんせす☆ぷりっ!,2010/6/16,シングル,リルぷりっ,hachama
355,夢見る 15歳 (PAX JAPONICA GROOVE REMIX),2010/6/28,配信限定シングル,スマイレージ,UP-FRONT WORKS
356,本気ボンバー!!,2010/7/14,シングル,Berryz工房,PICCOLO TOWN
357,○○ がんばらなくてもええねんで!!,2010/7/28,シングル,スマイレージ,hachama
358,○○ がんばらなくてもええねんで!!（TopNude Remix Version 01）,2010/8/7,配信限定シングル,スマイレージ,UP-FRONT WORKS
359,Danceでバコーン!,2010/8/25,シングル,℃-ute,zetima
360,元気者で行こう!,2010/9/15,シングル,真野恵里菜,hachama
361,同じ時給で働く友達の美人ママ,2010/9/29,シングル,スマイレージ,hachama
572,アクマでキュートな青春グラフィティ,2010/10/13,インディーズシングル,℃-ute,UP-FRONT AGENCY
362,おしゃれ マイドリーム/エレガントガール,2010/10/13,シングル,北神未海（CV 小川真奈）with MM学園 合唱部／氷室衣舞（声：菅谷梨沙子/Berryz工房）,TN-mix
363,あっぱれ回転寿司,2010/10/27,シングル,むてん娘。,zetima
364,同じ時給で働く友達の美人ママ(Remix Type1),2010/11/3,配信限定シングル,スマイレージ,UP-FRONT WORKS
365,シャイニング パワー,2010/11/10,シングル,Berryz工房,PICCOLO TOWN
366,女と男のララバイゲーム,2010/11/17,シングル,モーニング娘。,zetima
367,アイドルール,2010/11/17,シングル,リルぷりっ,hachama
368,マイ・スクール・マーチ,2010/11/24,シングル,おはガールメープル with スマイレージ,hachama
369,会いたいロンリークリスマス,2010/12/1,シングル,℃-ute,zetima
370,青春のセレナーデ,2011/1/26,シングル,真野恵里菜,hachama
371,雑草のうた,2011/2/2,シングル,Buono!,zetima
372,ショートカット,2011/2/9,シングル,スマイレージ,hachama
373,Kiss me 愛してる,2011/2/23,シングル,℃-ute,zetima
374,ヒロインになろうか!,2011/3/2,シングル,Berryz工房,PICCOLO TOWN
375,まじですかスカ!,2011/4/6,シングル,モーニング娘。,zetima
376,恋にBooing ブー!,2011/4/27,シングル,スマイレージ,hachama
377,桃色スパークリング,2011/5/25,シングル,℃-ute,zetima
378,愛の弾丸,2011/6/8,シングル,Berryz工房,PICCOLO TOWN
379,Only you,2011/6/15,シングル,モーニング娘。,zetima
380,My Days for You,2011/6/29,シングル,真野恵里菜,hachama
381,夏ダカラ!,2011/7/20,シングル,Buono!,zetima
382,有頂天LOVE,2011/8/3,シングル,スマイレージ,hachama
383,負けるな わっしょい!,2011/8/6,シングル,ベキマス,UP-FRONT WORKS
384,ああ、夜が明ける,2011/8/10,シングル,Berryz工房,PICCOLO TOWN
386,ショートカット（Remix.Ver）,2011/8/18,配信限定シングル,スマイレージ,UP-FRONT WORKS
387,有頂天LOVE～rocketman mix～,2011/8/18,配信限定シングル,スマイレージ,UP-FRONT WORKS
388,世界一HAPPYな女の子,2011/9/7,シングル,℃-ute,zetima
389,この地球の平和を本気で願ってるんだよ!,2011/9/14,シングル,モーニング娘。,zetima
390,タチアガール,2011/9/28,シングル,スマイレージ,hachama
391,甘酸っぱい春にサクラサク,2011/11/9,シングル,Berryz工房×℃-ute,PICCOLO TOWN/zetima
392,ブスにならない哲学,2011/11/16,シングル,ハロー!プロジェクト モベキマス,zetima
393,プリーズ ミニスカ ポストウーマン!,2011/12/28,シングル,スマイレージ,hachama
394,初恋サイダー/DEEP MIND,2012/1/18,シングル,Buono!,zetima
395,ピョコピョコ ウルトラ,2012/1/25,シングル,モーニング娘。,zetima
396,チョトマテクダサイ!,2012/2/1,シングル,スマイレージ,hachama
397,ドキドキベイビー/黄昏交差点,2012/2/22,シングル,真野恵里菜,hachama
398,Be 元気＜成せば成るっ!＞,2012/3/21,シングル,Berryz工房,PICCOLO TOWN
399,恋愛ハンター,2012/4/11,シングル,モーニング娘。,zetima
400,君は自転車 私は電車で帰宅,2012/4/18,シングル,℃-ute,zetima
401,ドットビキニ,2012/5/2,シングル,スマイレージ,hachama
402,超HAPPY SONG,2012/6/20,シングル,Berryz工房×℃-ute,zetima
403,Song for the DATE,2012/6/27,シングル,真野恵里菜,hachama
404,One・Two・Three/The 摩天楼ショー,2012/7/4,シングル,モーニング娘。,zetima
405,cha cha SING,2012/7/25,シングル,Berryz工房,PICCOLO TOWN
406,好きよ、純情反抗期。,2012/8/22,シングル,スマイレージ,hachama
407,会いたい 会いたい 会いたいな,2012/9/5,シングル,℃-ute,zetima
408,ワクテカ Take a chance,2012/10/10,シングル,モーニング娘。,zetima
409,彼女になりたいっ!!!,2012/10/27,インディーズシングル,ハロプロ研修生,UP-FRONT WORKS
410,キャベツ白書/フォレストタイム,2012/11/7,インディーズシングル,ピーベリー/ハーベスト,UP-FRONT WORKS
551,フォレフォレ 〜Forest For Rest〜/Boys be ambitious!,2012/11/7,インディーズシングル,DIY♡／GREEN FIELDS,UP-FRONT WORKS
411,寒いね。,2012/11/28,シングル,スマイレージ,hachama
412,NEXT MY SELF,2012/12/5,シングル,真野恵里菜,hachama
413,WANT!,2012/12/19,シングル,Berryz工房,PICCOLO TOWN
414,Help me!!,2013/1/23,シングル,モーニング娘。,zetima
415,この街,2013/2/6,シングル,℃-ute,zetima
416,キャベツ白書～春編～,2013/2/27,シングル,ピーベリー,hachama
552,都会田舎の彼,2013/3/2,インディーズシングル,GREEN FIELDS,UP-FRONT WORKS
417,アジアン セレブレイション,2013/3/13,シングル,Berryz工房,PICCOLO TOWN
418,旅立ちの春が来た,2013/3/20,シングル,スマイレージ,hachama
419,Crazy 完全な大人,2013/4/3,シングル,℃-ute,zetima
420,私が言う前に抱きしめなきゃね,2013/4/3,インディーズシングル,Juice=Juice,UP-FRONT WORKS
421,ブレインストーミング/君さえ居れば何も要らない,2013/4/17,シングル,モーニング娘。,zetima
422,五月雨美女がさ乱れる,2013/5/8,インディーズシングル,Juice=Juice,UP-FRONT WORKS
423,天まで登れ!,2013/6/12,インディーズシングル,ハロプロ研修生 feat. Juice=Juice,UP-FRONT WORKS
424,ゴールデン チャイナタウン/サヨナラ ウソつきの私,2013/6/19,シングル,Berryz工房,PICCOLO TOWN
425,新しい私になれ!/ヤッタルチャン,2013/7/3,シングル,スマイレージ,hachama
426,悲しき雨降り/アダムとイブのジレンマ,2013/7/10,シングル,℃-ute,zetima
554,レディーマーメイド/エイヤサ!ブラザー/海岸清掃男子,2013/8/7,インディーズシングル,ダイヤレディー／メロウクアッド／HI-FIN,UP-FRONT WORKS
427,わがまま 気のまま 愛のジョーク/愛の軍団,2013/8/28,シングル,モーニング娘。,zetima
553,ほたる祭りの日,2013/9/4,DVDシングル,ジュリン,UP-FRONT WORKS
428,ロマンスの途中/私が言う前に抱きしめなきゃね(MEMORIAL EDIT)/五月雨美女がさ乱れる(MEMORIAL EDIT),2013/9/11,シングル,Juice=Juice,hachama
429,もっとずっと一緒に居たかった/ROCKエロティック,2013/10/2,シングル,Berryz工房,PICCOLO TOWN
430,都会の一人暮らし/愛ってもっと斬新,2013/11/6,シングル,℃-ute,zetima
431,イジワルしないで 抱きしめてよ/初めてを経験中,2013/12/4,シングル,Juice=Juice,hachama
432,ええか!?/「良い奴」,2013/12/18,シングル,スマイレージ,hachama
433,おへその国からこんにちは/天まで登れ!,2013/12/20,DVDシングル,ハロプロ研修生,UP-FRONT WORKS
434,笑顔の君は太陽さ/君の代わりは居やしない/What is LOVE?,2014/1/29,シングル,モーニング娘。'14,zetima
435,大人なのよ!/1億3千万総ダイエット王国,2014/2/19,シングル,Berryz工房,PICCOLO TOWN
436,心の叫びを歌にしてみた/Love take it all,2014/3/5,シングル,℃-ute,zetima
437,裸の裸の裸のKISS/アレコレしたい!,2014/3/19,シングル,Juice=Juice,hachama
438,時空を超え 宇宙を超え/Password is 0,2014/4/16,シングル,モーニング娘。'14,zetima
562,嗚呼、素晴らしき日々よ/Dream Last Train/木立を抜ける風のように,2014/4/23,インディーズシングル,さとのあかり／トリプレット／ODATOMO,UP-FRONT WORKS
439,ミステリーナイト!/エイティーン エモーション,2014/4/30,シングル,スマイレージ,hachama
440,可憐な合唱団,2014/5/15,インディーズシングル,ハロプロ研修生,UP-FRONT WORKS
441,愛はいつも君の中に/普通、アイドル10年やってらんないでしょ!?,2014/6/4,シングル,Berryz工房,PICCOLO TOWN
442,The Power/悲しきヘブン,2014/7/16,シングル,℃-ute,zetima
443,ブラックバタフライ/風に吹かれて,2014/7/30,シングル,Juice=Juice,hachama
444,嗚呼 すすきの/地球は今日も愛を育む,2014/8/20,シングル,スマイレージ,hachama
445,背伸び/伊達じゃないよ うちの人生は,2014/10/1,シングル,Juice=Juice,hachama
446,TIKI BUN/シャバダバ ドゥ～/見返り美人,2014/10/15,シングル,モーニング娘。'14,zetima
447,ロマンスを語って/永久の歌,2014/11/12,シングル,Berryz工房,PICCOLO TOWN
448,I miss you/THE FUTURE,2014/11/19,シングル,℃-ute,zetima
449,演劇女子部 S/mileage's JUKEBOX-MUSICAL 『SMILE FANTASY!』,2014/12/10,シングル,スマイレージ,hachama
450,大器晩成/乙女の逆襲,2015/2/4,シングル,アンジュルム,hachama
451,愛おしくってごめんね/恋泥棒,2015/3/25,シングル,カントリー・ガールズ,zetima
452,念には念/サバイバー,2015/3/26,インディーズシングル,こぶしファクトリー,UP-FRONT WORKS
453,The Middle Management～女性中間管理職～/我武者LIFE/次の角を曲がれ,2015/4/1,シングル,℃-ute,zetima
454,Wonderful World/Ca va ? Ca va ?（サヴァサヴァ）,2015/4/8,シングル,Juice=Juice,hachama
455,青春小僧が泣いている/夕暮れは雨上がり/イマココカラ,2015/4/15,シングル,モーニング娘。'15,zetima
456,七転び八起き/臥薪嘗胆/魔法使いサリー,2015/7/22,シングル,アンジュルム,hachama
457,わかっているのにごめんね/ためらい サマータイム,2015/8/5,シングル,カントリー・ガールズ,zetima
458,Oh my wish!/スカッとMy Heart/今すぐ飛び込む勇気,2015/8/19,シングル,モーニング娘。'15,zetima
459,ドスコイ!ケンキョにダイタン/ラーメン大好き小泉さんの唄/念には念(念入り ver.),2015/9/2,シングル,こぶしファクトリー,zetima
460,青春まんまんなか!,2015/9/6,インディーズシングル,つばきファクトリー,UP-FRONT WORKS
461,ありがとう～無限のエール～/嵐を起こすんだ Exciting Fight!,2015/10/28,シングル,℃-ute,zetima
462,出すぎた杭は打たれない/ドンデンガエシ/わたし,2015/11/11,シングル,アンジュルム,hachama
463,冷たい風と片思い/ENDLESS SKY/One and Only,2015/12/29,シングル,モーニング娘。'15,zetima
464,気高く咲き誇れ!,2015/12/31,インディーズシングル,つばきファクトリー,UP-FRONT WORKS
465,Next is you!/カラダだけが大人になったんじゃない,2016/2/3,シングル,NEXT YOU/Juice=Juice,hachama
466,桜ナイトフィーバー/チョット愚直に!猪突猛進/押忍!こぶし魂,2016/2/17,シングル,こぶしファクトリー,zetima
467,大人の事情,2016/3/2,配信限定シングル,NEXT YOU,UP-FRONT WORKS
468,ブギウギLOVE/恋はマグネット/ランラルン～あなたに夢中～,2016/3/9,シングル,カントリー・ガールズ,zetima
469,何故 人は争うんだろう?/Summer Wind/人生はSTEP!,2016/4/20,シングル,℃-ute,zetima
470,次々続々/糸島Distance/恋ならとっくに始まってる,2016/4/27,シングル,アンジュルム,hachama
471,泡沫サタデーナイト!/The Vision/Tokyoという片隅,2016/5/11,シングル,モーニング娘。'16,zetima
472,演劇女子部 「気絶するほど愛してる！」 オリジナルサウンドトラック,2016/6/1,サウンドトラック,カントリー・ガールズ/つばきファクトリー,UP-FRONT WORKS
473,演劇女子部「続・11人いる！東の地平・西の永遠」オリジナルサウンドトラック,2016/7/13,サウンドトラック,モーニング娘。'16,UP-FRONT WORKS
474,サンバ!こぶしジャネイロ/バッチ来い青春!/オラはにんきもの,2016/7/27,シングル,こぶしファクトリー,zetima
475,独り占め/私がオバさんになっても,2016/8/6,DVDシングル,つばきファクトリー,UP-FRONT WORKS
476,ソラシド〜ねえねえ〜,2016/9/21,DVDシングル,Buono!,zetima
477,どーだっていいの/涙のリクエスト,2016/9/28,シングル,カントリー・ガールズ,zetima
478,上手く言えない/愛のため今日まで進化してきた人間 愛のためすべて退化してきた人間/忘れてあげる,2016/10/19,シングル,アンジュルム,hachama
479,Dream Road～心が踊り出してる～/KEEP ON 上昇志向!!/明日やろうはバカやろう,2016/10/26,シングル,Juice=Juice,hachama
480,夢幻クライマックス/愛はまるで静電気/Singing～あの頃のように～,2016/11/2,シングル,℃-ute,zetima
481,セクシーキャットの演説/ムキダシで向き合って/そうじゃない,2016/11/23,シングル,モーニング娘。'16,zetima
482,演劇女子部「ネガポジポジ」オリジナルサウンドトラック,2016/12/7,サウンドトラック,つばきファクトリー/ハロプロ研修生,UP-FRONT WORKS
483,Good Boy Bad Girl/ビーナッツバタージェリーラブ,2017/2/8,シングル,カントリー・ガールズ,zetima
484,初恋サンライズ/Just Try!/うるわしのカメリア,2017/2/22,シングル,つばきファクトリー,zetima
485,BRAND NEW MORNING/ジェラシー ジェラシー,2017/3/8,シングル,モーニング娘。'17,zetima
486,To Tomorrow/ファイナルスコール/The Curtain Rises,2017/3/29,シングル,℃-ute,zetima
487,地団駄ダンス/Feel!感じるよ,2017/4/26,シングル,Juice=Juice,hachama
488,Goal〜明日はあっちだよ〜,2017/5/19,配信限定シングル,Juice=Juice,UP-FRONT WORKS
489,Miss変換 !!,2017/5/19,配信限定シングル,工藤遥&佐藤優樹(モーニング娘。'17),UP-FRONT WORKS
490,Hello! まっさらの自分,2017/6/2,配信限定シングル,ハロプロ研修生,UP-FRONT WORKS
491,アイドル卒業注意事項(2017.5.4Live@中野サンプラザ),2017/6/2,配信限定シングル,カントリー・ガールズ,UP-FRONT WORKS
492,シャララ!やれるはずさ/エエジャナイカ ニンジャナイカ,2017/6/14,シングル,こぶしファクトリー,zetima
493,如雨露,2017/6/16,配信限定シングル,Juice=Juice,UP-FRONT WORKS
494,愛さえあればなんにもいらない/ナミダイロノケツイ/魔女っ子メグちゃん,2017/6/21,シングル,アンジュルム,hachama
495,一尺玉でぶっ放せ!,2017/6/30,配信限定シングル,ハロプロ研修生,UP-FRONT WORKS
496,いのうえのうた,2017/6/30,配信限定シングル,井上玲音(こぶしファクトリー)、井上ひかる(ハロプロ研修生),UP-FRONT WORKS
497,リアル☆リトル☆ガール/彼女になりたいっ!!! (ハロプロ研修生北海道 Ver.),2017/7/5,インディーズシングル,ハロプロ研修生北海道,UP-FRONT WORKS
498,おバカねこと おバカねこバカのうた,2017/7/14,配信限定シングル,飯窪春菜(モーニング娘。'17)、金澤朋子(Juice=Juice),UP-FRONT WORKS
499,就活センセーション/笑って/ハナモヨウ,2017/7/26,シングル,つばきファクトリー,zetima
500,ミンミンロケンロー!,2017/7/28,配信限定シングル,船木結(アンジュルム/カントリー・ガールズ)、横山玲奈(モーニング娘。'17),UP-FRONT WORKS
501,小生意気ガール,2017/8/11,配信限定シングル,カントリー・ガールズ,UP-FRONT WORKS
502,誤爆〜We Can't Go Back〜,2017/8/11,配信限定シングル,一岡伶奈、段原瑠々、川村文乃、高瀬くるみ、清野桃々姫,UP-FRONT WORKS
503,Fiesta! Fiesta!,2017/8/23,配信限定シングル,Juice=Juice,UP-FRONT WORKS
504,ありがた迷惑物語,2017/9/8,配信限定シングル,ハロプロ研修生,UP-FRONT WORKS
505,邪魔しないで Here We Go!/弩級のゴーサイン/若いんだし!,2017/10/4,シングル,モーニング娘。'17,zetima
506,愛の種(20th Anniversary Ver.),2017/11/3,配信限定シングル,モーニング娘。20th,UP-FRONT WORKS
507,五線譜のたすき,2017/11/30,配信限定シングル,モーニング娘。'17,zetima
508,マナーモード/キソクタダシクウツクシク/君だけじゃないさ…friends,2017/12/13,DVDシングル,アンジュルム,hachama
509,雑煮でケンカしてんじゃねーよ,2017/12/22,配信限定シングル,宮崎由加(Juice=Juice)、牧野真莉愛(モーニング娘。'17)、川村文乃(アンジュルム),UP-FRONT WORKS
510,書いては消しての “I Love You”,2017/12/24,配信限定シングル,カントリー・ガールズ,UP-FRONT WORKS
511,花が咲く 太陽浴びて,2018/1/28,配信限定シングル,モーニング娘。'18,zetima
512,モーニングコーヒー（20th Anniversary Ver.）,2018/1/28,配信限定シングル,モーニング娘。20th,UP-FRONT WORKS
513,低温火傷/春恋歌/I Need You ～夜空の観覧車～,2018/2/21,シングル,つばきファクトリー,zetima
514,これからだ!/明日テンキになあれ,2018/3/28,シングル,こぶしファクトリー,zetima
563,ふるさとの夢,2018/3/28,インディーズシングル,かみいしなか かな,UP-FRONT WORKS
515,SEXY SEXY/泣いていいよ/Vivid Midnight,2018/4/18,シングル,Juice=Juice,hachama
516,泣けないぜ・・・共感詐欺/Uraha＝Lover/君だけじゃないさ．．．friends(2018アコースティックVer.),2018/5/9,シングル,アンジュルム,hachama
517,Are You Happy?/A gonna,2018/6/13,シングル,モーニング娘。'18,zetima
518,ハンコウキ!/Ice day Party,2018/7/11,インディーズシングル,ハロプロ研修生北海道 feat.稲場愛香,UP-FRONT WORKS
519,ひょっこりひょうたん島,2018/7/17,配信限定シングル,こぶしファクトリー＆つばきファクトリー,UP-FRONT WORKS
520,デートの日は二度くらいシャワーして出かけたい/純情cm(センチメートル)/今夜だけ浮かれたかった,2018/7/18,シングル,つばきファクトリー,zetima
521,夏将軍,2018/7/21,配信限定シングル,アンジュルム,UP-FRONT WORKS
522,きっと私は/ナセバナル,2018/8/8,シングル,こぶしファクトリー,zetima
523,待てないアフターファイブ/傘をさす先輩,2018/8/24,配信限定シングル,カントリー・ガールズ,UP-FRONT WORKS
524,YEAH YEAH YEAH/憧れのStress-free/花、闌の時,2018/9/26,シングル,ハロプロ・オールスターズ,zetima
525,フラリ銀座/自由な国だから,2018/10/24,シングル,モーニング娘。'18,zetima
526,タデ食う虫もLike it!/46億年LOVE,2018/10/31,シングル,アンジュルム,hachama
527,微炭酸/ポツリと/Good bye & Good luck!,2019/2/13,シングル,Juice=Juice,hachama
528,三回目のデート神話/ふわり、恋時計,2019/2/27,シングル,つばきファクトリー,zetima
529,恋する!さかなヘン,2019/3/30,配信限定シングル,矢島舞美、中島早貴、高木紗友希(Juice=Juice)、岡田万里奈(LoVendoЯ)、岸本ゆめの(つばきファクトリー),UP-FRONT WORKS
530,恋はアッチャアッチャ/夢見た 15年,2019/4/10,シングル,アンジュルム,hachama
531,Oh No 懊悩/ハルウララ,2019/4/24,シングル,こぶしファクトリー,zetima
532,「ひとりで生きられそう」って それってねえ、褒めているの？/25歳永遠説,2019/6/5,シングル,Juice=Juice,hachama
533,人生Blues/青春Night,2019/6/12,シングル,モーニング娘。'19,zetima
534,眼鏡の男の子/ニッポンノD・N・A!/Go Waist,2019/8/7,シングル,BEYOOOOONDS,zetima
535,One Summer Night〜真夏の決心〜/夏色のパレット,2019/8/24,配信限定シングル,カントリー・ガールズ,UP-FRONT WORKS
536,ナインティーンの蜃気楼('19 Summer Ver.),2019/8/24,配信限定シングル,つばきファクトリー,UP-FRONT WORKS
561,どうして僕らにはやる気がないのか,2019/10/18,配信限定シングル,宮本佳林,UP-FRONT WORKS
599,「ひとりで生きられそう」って それってねえ、褒めているの？/25歳永遠説【通常盤C】,2019/10/23,シングル,Juice=Juice,hachama
537,私を創るのは私/全然起き上がれないSUNDAY,2019/11/20,シングル,アンジュルム,hachama
560,天使の涙,2019/12/20,配信限定シングル,中西香菜,UP-FRONT WORKS
538,意識高い乙女のジレンマ/抱きしめられてみたい,2020/1/15,シングル,つばきファクトリー,zetima
539,KOKORO&KARADA/LOVEペディア/人間関係No way way,2020/1/22,シングル,モーニング娘。'20,zetima
555,黄色い線の内側で並んでお待ちください,2020/1/28,配信限定シングル,金澤朋子,UP-FRONT WORKS
540,青春の花/スタートライン,2020/3/4,シングル,こぶしファクトリー,zetima
556,君だけじゃないさ...friends(アコースティックVer.),2020/3/23,配信限定シングル,室田瑞希,UP-FRONT WORKS
541,ポップミュージック/好きって言ってよ,2020/4/1,シングル,Juice=Juice,hachama
542,限りあるMoment/ミラー・ミラー,2020/8/26,シングル,アンジュルム,hachama
543,断捨ISM/イマナンジ?,2020/9/30,シングル,つばきファクトリー,zetima
557,帰りたくないな。,2020/12/9,配信限定シングル,船木結,UP-FRONT WORKS
558,未来のフィラメント,2020/12/10,配信限定シングル,宮本佳林,UP-FRONT WORKS
544,純情エビデンス/ギューされたいだけなのに,2020/12/16,シングル,モーニング娘。'20,zetima
545,SHAKA SHAKA TO LOVE,2020/12/24,配信限定シングル,アンジュルム,UP-FRONT WORKS
546,"激辛LOVE/Now Now Ningen/こんなハズジャナカッター!	",2021/3/3,シングル,BEYOOOOONDS,zetima
547,DOWN TOWN/がんばれないよ,2021/4/28,シングル,Juice=Juice,hachama
559,DOWN TOWN/がんばれないよ(Special Edition),2021/4/28,配信限定シングル,Juice=Juice,UP-FRONT WORKS
548,エキストラ,2021/6/21,配信限定シングル,譜久村聖,UP-FRONT WORKS
549,はっきりしようぜ/泳げないMermaid/愛されルート A or B?,2021/6/23,シングル,アンジュルム,hachama
550,フレフレ・エブリデイ,2021/7/28,配信限定シングル,BEYOOOOONDS,UP-FRONT WORKS
564,SHAKA SHAKA #2 LOVE カラフルライフ編,2021/9/1,配信限定シングル,アンジュルム,UP-FRONT WORKS
565,地球は今日も愛を育む,2021/11/16,配信限定シングル,笠原桃奈,UP-FRONT WORKS
566,涙のヒロイン降板劇/ガラクタDIAMOND/約束・連絡・記念日,2021/11/17,シングル,つばきファクトリー,zetima
567,あなたを想う帰り道,2021/11/25,配信限定シングル,金澤朋子,UP-FRONT WORKS
568,Teenage Solution/よしよししてほしいの/ビートの惑星,2021/12/8,シングル,モーニング娘。'21,zetima
569,女子かしまし物語 (モーニング娘。'21 Ver.),2021/12/14,配信限定シングル,モーニング娘。'21,zetima
570,笑顔の君は太陽さ,2021/12/14,配信限定シングル,佐藤優樹,UP-FRONT WORKS
571,プラスティック・ラブ/Familia/Future Smile,2021/12/22,シングル,Juice=Juice,hachama
583,ラーメン大好き小泉さんの唄,2022/1/8,配信限定シングル,OCHA NORMA,UP-FRONT WORKS
584,英雄～笑って！ショパン先輩～/ハムカツ黙示録,2022/3/2,シングル,BEYOOOOONDS,zetima
585,I WISH,2022/3/18,配信限定シングル,モーニング娘。'22,UP-FRONT WORKS
586,愛・魔性/ハデにやっちゃいな！/愛すべきべき Human Life,2022/5/11,シングル,アンジュルム,hachama
587,もしも…,2022/5/31,配信限定シングル,稲場愛香,UP-FRONT WORKS
588,Chu Chu Chu 僕らの未来/大・人生 Never Been Better!,2022/6/8,シングル,モーニング娘。'22,zetima
589,みかん,2022/6/21,配信限定シングル,森戸知沙希,UP-FRONT WORKS
590,アドレナリン・ダメ/弱さじゃないよ、恋は/アイドル天職音頭,2022/6/29,シングル,つばきファクトリー,zetima
591,恋のクラウチングスタート/お祭りデビューだぜ！,2022/7/13,シングル,OCHA NORMA,zetima
592,恋のクラウチングスタート/お祭りデビューだぜ！(Special Edition),2022/7/13,配信限定シングル,OCHA NORMA,UP-FRONT WORKS
593,Sunset Summer Fever,2022/9/1,配信限定シングル,L!PP (from Hello! Project Dance Team),UP-FRONT WORKS
594,悔しいわ/Piece of Peace～しあわせのパズル～,2022/10/19,シングル,アンジュルム,hachama
595,全部賭けてGO!!/イニミニマニモ～恋のライバル宣言～,2022/11/23,シングル,Juice=Juice,hachama
596,運命 CHACHACHACHA～N/ウチらの地元は地球じゃん！,2022/11/30,シングル,OCHA NORMA,zetima
597,運命 CHACHACHACHA～N/ウチらの地元は地球じゃん！(Special Edition),2022/11/30,配信限定シングル,OCHA NORMA,UP-FRONT WORKS
598,Give me 愛,2022/12/11,配信限定シングル,加賀楓,UP-FRONT WORKS
600,Swing Swing Paradise / Happy birthday to Me!,2022/12/21,シングル,モーニング娘。'22,zetima
